{
    "nit":"06142803901121",
    "activo":true,
    "passwordPri": "Rr2Ll3rm0@$ñ@",

    "dteJson":{

    "identificacion" : {
        "version" :3,
        "ambiente" :"00",
        "tipoDte" : "03",
        "numeroControl" :"DTE-03-0001ONEC-000000000002220",
        "codigoGeneracion" :"D7A32E8C-06C0-41A2-9E2F-A094C994AFDE",
        "tipoModelo" :1,
        "tipoOperacion" :1,
        "tipoContingencia" :null,
        "motivoContin" : null,
        "fecEmi" : "2024-02-21",
        "horEmi" : "20:00:00",
        "tipoMoneda" : "USD"
    },

"documentoRelacionado":null,

"emisor" : {
    "nit" : "06142803901121",
    "nrc" : "2398810",
    "nombre" : "JUAN MANUEL REYES",
    "codActividad" : "73100",
    "descActividad" : "publicidad",
    "nombreComercial" : null,
    "tipoEstablecimiento" : "01",
    "direccion" : {
            "departamento" : "06",
            "municipio" : "14",
            "complemento" : "San Salvador"
    },
    "telefono" : "2281-8000",
    "correo" : "mentesbrillantesagencia@gmail.com",
    "codEstableMH" : "0000",
    "codEstable" : "0000",
    "codPuntoVentaMH" : "0000",
    "codPuntoVenta" : "0000"  
},
 "receptor" : {
    "nit" : "06142803901121",
    "nrc" : "2398810",
    "nombre" : "Gerardo juárez",
    "codActividad" : "73100",
    "descActividad" : "publicidad",
    "nombreComercial" : null,
    "direccion" : {
            "departamento" : "06",
            "municipio" : "14",
            "complemento" : "San Salvador"
        },
    "telefono" :null,
    "correo" : "gj23726116@gmail.com"
    },
    
    "otrosDocumentos":null,

    "ventaTercero" : null,

    "cuerpoDocumento": [
    {
      "numItem": 1,
      "tipoItem": 1,
      "numeroDocumento": null,
      "codigo": "37578",
      "codTributo": null,
      "descripcion": "Shampoo Pantene",
      "cantidad": 2.0,
      "uniMedida": 59,
      "precioUni": 10.00,
      "montoDescu": 0.0,
      "ventaNoSuj": 0.0,
      "ventaExenta": 0.0,
      "ventaGravada": 20.00,
      "tributos": [
        "20"
      ],
      "psv": 0.0,
      "noGravado": 0.0
    },
    {
      "numItem": 2,
      "tipoItem": 1,
      "numeroDocumento": null,
      "codigo": "63840",
      "codTributo": null,
      "descripcion": "Jamon de pavo Vita",
      "cantidad": 3.0,
      "uniMedida": 1,
      "precioUni": 1.25,
      "montoDescu": 0.0,
      "ventaNoSuj": 0.0,
      "ventaExenta": 0.0,
      "ventaGravada": 3.75,
      "tributos": [
        "20"
      ],
      "psv": 0.0,
      "noGravado": 0.0
    },
    {
      "numItem": 3,
      "tipoItem": 1,
      "numeroDocumento": null,
      "codigo": "149801",
      "codTributo": null,
      "descripcion": "Cafe Instantaneo Mussun",
      "cantidad": 1.0,
      "uniMedida": 59,
      "precioUni": 2.00,
      "montoDescu": 0.0,
      "ventaNoSuj": 0.0,
      "ventaExenta": 0.0,
      "ventaGravada": 2.00,
      "tributos": [
        "20"
      ],
      "psv": 0.0,
      "noGravado": 0.0
     }
  ],

    "resumen": {
    "totalNoSuj": 0.0,
    "totalExenta": 0.0,
    "totalGravada": 25.75,
    "subTotalVentas": 25.75,
    "descuNoSuj": 0.0,
    "descuExenta": 0.0,
    "descuGravada": 0.0,
    "porcentajeDescuento": 0.0,
    "totalDescu": 0.0,
    "tributos": [
      {
        "codigo": "20",
        "descripcion": "Impuesto al Valor Agregado 13%",
        "valor": 3.35
      }
    ],
    "subTotal": 25.75,
    "ivaPerci1": 0.0,
    "ivaRete1": 0.0,
    "reteRenta": 0.0,
    "montoTotalOperacion": 29.10,
    "totalNoGravado": 0.0,
    "totalPagar": 29.10,
    "totalLetras": "VEINTINUEVE DOLARES CON 10 CENTAVOS USD",
    "saldoFavor": 0.0,
    "condicionOperacion": 1,
    "pagos": null,
    "numPagoElectronico": null
  },
    "extension" : {
        "nombEntrega" : null,
        "docuEntrega" : null,
        "nombRecibe" : null,
        "docuRecibe" : null,
        "observaciones" : null,
        "placaVehiculo" : null
    },
        
        "apendice": null
    }
}