{
    "nit":"06142803901121",
    "activo":true,
    "passwordPri": "Rr2Ll3rm0@$ñ@",

    "dteJson":
    {
        "identificacion": 
        {
        "version": 1,
        "ambiente": "00",
        "tipoDte": "14",
        "numeroControl": "DTE-14-0001ONEC-000000000005020",
        "codigoGeneracion": "D4D6939D-7429-46FB-B865-D7666DC02C91",
        "tipoModelo": 1,
        "tipoOperacion": 1,
        "tipoContingencia": null,
        "motivoContin": null,
        "fecEmi": "2024-04-22",
        "horEmi": "11:30:00",
        "tipoMoneda": "USD"
        },
    "emisor": 
        {
        "nit": "06142803901121",
        "nrc": "2398810",
        "nombre": "JUAN MANUEL REYES",
        "codActividad": "73100",
        "descActividad": "Publicidad",
        "direccion": {
            "departamento": "06",
            "municipio": "14",
            "complemento": "San Salvador"
        },
        "telefono": "22818000",
        "codEstableMH": null,
        "codEstable": null,
        "codPuntoVentaMH": null,
        "codPuntoVenta": null,
        "correo": "mentesbrillantesagencia@gmail.com"
        },
    "sujetoExcluido": 
    {

        "tipoDocumento": "36",
        "numDocumento": "066948965",
        "nombre": "Gabriel Tobar",
        "codActividad": null,
        "descActividad": "Esta es la descripción de la actividad",
        "direccion": {
            "departamento": "06",
            "municipio": "14",
            "complemento": "San Salvador"
        },
        "telefono": "78291734",
        "correo": "gj23726116@gmail.com "
    },
    "cuerpoDocumento": 
    [
        { 
            "numItem": 1,
            "tipoItem": 1,
            "cantidad": 1,            
            "codigo": null,
            "uniMedida": 99,
            "descripcion": "null",
            "precioUni": 1.00,
            "montoDescu": 0,
            "compra": 1.00
        }
    ],
    "resumen": {
        "totalCompra": 1,
        "descu": 0,
        "totalDescu": 0,
        "subTotal": 1.00,
        "ivaRete1": 0,
        "reteRenta": 0,
        "totalPagar": 1.00,
        "totalLetras": "UNO 0 /100",
        "condicionOperacion": 1,
        "pagos":[{
            "codigo": "99",
            "montoPago": 1.00,
            "referencia": "TRANSFERENCIA BANCARIA",
            "plazo": null,
            "periodo": null
        }],
        "observaciones": null
    },
    "apendice": [{
        "campo": "campoAgregado",
        "etiqueta": "Campo Agregado",
        "valor": "null" 
    }  
    ]
        
        
    
}
}
